{
  "generated": "2026-07-03",
  "design_point": {
    "Fn_lbf": 5479.999999999998,
    "TSFC": 0.6214381299188783,
    "BPR": 5.1,
    "OPR": 30.032686109566804,
    "T4_degR": 2857.0,
    "W_lbm_s": 313.08507136771317,
    "FAR": 0.02505871704136429,
    "LPT_PR": 4.287869798479359,
    "HPT_PR": 3.5864787257681052,
    "cooling_total_frac": 0.239452
  },
  "anchors": {
    "A2_takeoff": {
      "Fn_lbf": 26301.999999999996,
      "WF_kgps": 1.203856767801905,
      "OPR": 27.696457210476368,
      "N1_rpm": 4812.840956098498,
      "N2_rpm": 14914.740772022256,
      "T4_degR": 3175.4544043033166,
      "T45_degR": 2301.3322253708775,
      "BPR": 5.2460222991058005
    },
    "A3_climbout": {
      "Fn_lbf": 22356.699999999957,
      "WF_kgps": 0.976677329774446,
      "OPR": 23.776756787052918,
      "N1_rpm": 4519.868899821221,
      "N2_rpm": 14545.941652066473,
      "T4_degR": 2994.9478775113403,
      "T45_degR": 2161.8616947231812,
      "BPR": 5.5562341283910515
    },
    "A4_approach": {
      "Fn_lbf": 7890.6000000000095,
      "WF_kgps": 0.32757751707161586,
      "OPR": 10.594458725790489,
      "N1_rpm": 2991.8301671907275,
      "N2_rpm": 12832.333343467948,
      "T4_degR": 2225.499005275444,
      "T45_degR": 1581.5972335312033,
      "BPR": 6.634215836108196
    },
    "A5_idle": {
      "Fn_lbf": 1841.1399999968849,
      "WF_kgps": 0.12494307880525785,
      "OPR": 5.421316224327613,
      "N1_rpm": 1594.76370185189,
      "N2_rpm": 11604.221995818305,
      "T4_degR": 1684.3443077312486,
      "T45_degR": 1179.572254488588,
      "BPR": 5.293767140714992
    }
  },
  "sls_sweep": [
    {
      "PC": 0.07,
      "Fn_lbf": 1841.1399999968849,
      "WF_kgps": 0.12494307880525785,
      "OPR": 5.421316224327613,
      "N1_rpm": 1594.76370185189,
      "N2_rpm": 11604.221995818305,
      "T4_degR": 1684.3443077312486,
      "T45_degR": 1179.572254488588,
      "BPR": 5.293767140714992
    },
    {
      "PC": 0.1,
      "Fn_lbf": 2630.200000000009,
      "WF_kgps": 0.1472303969871104,
      "OPR": 6.048760733720289,
      "N1_rpm": 1848.013102166889,
      "N2_rpm": 11782.779892869106,
      "T4_degR": 1766.27887214029,
      "T45_degR": 1241.219921017113,
      "BPR": 5.908179816204087
    },
    {
      "PC": 0.15,
      "Fn_lbf": 3945.2999999999943,
      "WF_kgps": 0.18731173555990083,
      "OPR": 7.134110431181465,
      "N1_rpm": 2205.0021964592847,
      "N2_rpm": 12066.888539545307,
      "T4_degR": 1893.3639653598689,
      "T45_degR": 1335.8079659517118,
      "BPR": 6.419959742662729
    },
    {
      "PC": 0.22,
      "Fn_lbf": 5786.440000000005,
      "WF_kgps": 0.2508635820830159,
      "OPR": 8.754490704402064,
      "N1_rpm": 2607.024867480415,
      "N2_rpm": 12462.75958174972,
      "T4_degR": 2060.9072264769884,
      "T45_degR": 1459.4958598066498,
      "BPR": 6.625585642358697
    },
    {
      "PC": 0.3,
      "Fn_lbf": 7890.6000000000195,
      "WF_kgps": 0.3275775170716154,
      "OPR": 10.594458725790394,
      "N1_rpm": 2991.830167190702,
      "N2_rpm": 12832.33334346793,
      "T4_degR": 2225.4990052754515,
      "T45_degR": 1581.597233531209,
      "BPR": 6.634215836108265
    },
    {
      "PC": 0.4,
      "Fn_lbf": 10520.799987717655,
      "WF_kgps": 0.42749005833651277,
      "OPR": 12.871740681017977,
      "N1_rpm": 3371.9298295668746,
      "N2_rpm": 13215.457646375366,
      "T4_degR": 2395.091526662887,
      "T45_degR": 1707.5524841423146,
      "BPR": 6.515590202869537
    },
    {
      "PC": 0.55,
      "Fn_lbf": 14466.099971796766,
      "WF_kgps": 0.5933289296410008,
      "OPR": 16.38720780363818,
      "N1_rpm": 3820.455890764192,
      "N2_rpm": 13734.509498043422,
      "T4_degR": 2620.8347364328006,
      "T45_degR": 1877.36061697732,
      "BPR": 6.219744588805176
    },
    {
      "PC": 0.7,
      "Fn_lbf": 18411.39998248514,
      "WF_kgps": 0.7741473168657206,
      "OPR": 20.0085560797456,
      "N1_rpm": 4199.261338866111,
      "N2_rpm": 14153.636548043585,
      "T4_degR": 2814.018821317892,
      "T45_degR": 2023.995612763405,
      "BPR": 5.887476949788964
    },
    {
      "PC": 0.85,
      "Fn_lbf": 22356.699992395133,
      "WF_kgps": 0.9766773293480391,
      "OPR": 23.776756780737692,
      "N1_rpm": 4519.868899314746,
      "N2_rpm": 14545.941651298479,
      "T4_degR": 2994.947877055335,
      "T45_degR": 2161.861694389253,
      "BPR": 5.556234128943185
    },
    {
      "PC": 1.0,
      "Fn_lbf": 26302.00000000002,
      "WF_kgps": 1.2038567678019108,
      "OPR": 27.696457210476378,
      "N1_rpm": 4812.840956098491,
      "N2_rpm": 14914.740772022264,
      "T4_degR": 3175.4544043033256,
      "T45_degR": 2301.3322253708843,
      "BPR": 5.246022299105808
    }
  ],
  "stations": {
    "2": {
      "Pt_bar": 0.3575883145538838,
      "Tt_K": 245.5038810525092
    },
    "21": {
      "Pt_bar": 0.6025363100232942,
      "Tt_K": 289.50776953642446
    },
    "25": {
      "Pt_bar": 1.1485922574808376,
      "Tt_K": 354.2284978561091
    },
    "3": {
      "Pt_bar": 10.739337607445831,
      "Tt_K": 703.9051000528997
    },
    "4": {
      "Pt_bar": 10.159413376643755,
      "Tt_K": 1587.2222222222224
    },
    "45": {
      "Pt_bar": 2.8326986310138906,
      "Tt_K": 1141.5689185043875
    },
    "5": {
      "Pt_bar": 0.6572615308877099,
      "Tt_K": 806.2966441668046
    }
  }
}